audit_operation,audit_timestamp,schema,table,order_id,order_timestamp,created_at,updated_at,sum,description
I,2025-10-01 20:02:00.130524,public,orders,54,2025-10-01 20:01:59.932524,2025-10-01 20:01:59.932524,2025-10-01 20:01:59.932524,565.43,Black establish off with who movement happy.
I,2025-10-02 21:34:26.257890,public,orders,81,2025-10-02 21:34:26.255890,2025-10-02 21:34:26.255890,2025-10-02 21:34:26.255890,594.06,Production maybe current.
I,2025-10-03 04:01:39.712599,public,orders,10,2025-10-03 04:01:39.556599,2025-10-03 04:01:39.556599,2025-10-03 04:01:39.556599,442.42,Could others turn water.
I,2025-10-04 08:51:20.806338,public,orders,80,2025-10-04 08:51:20.620338,2025-10-04 08:51:20.620338,2025-10-04 08:51:20.620338,281.67,Country born very upon radio win threat.
I,2025-10-04 20:39:05.824583,public,orders,84,2025-10-04 20:39:05.808583,2025-10-04 20:39:05.808583,2025-10-04 20:39:05.808583,859.3,Series than environment listen present.
I,2025-10-04 21:44:16.576634,public,orders,76,2025-10-04 21:44:16.386634,2025-10-04 21:44:16.386634,2025-10-04 21:44:16.386634,599.17,Case clear design teach daughter.
I,2025-10-05 04:34:25.087529,public,orders,68,2025-10-05 04:34:24.939529,2025-10-05 04:34:24.939529,2025-10-05 04:34:24.939529,307.5,Modern natural there later cut eat raise.
I,2025-10-07 17:47:40.624705,public,orders,39,2025-10-07 17:47:40.586705,2025-10-07 17:47:40.586705,2025-10-07 17:47:40.586705,451.48,Star both get more.
I,2025-10-07 22:35:50.888642,public,orders,29,2025-10-07 22:35:50.665642,2025-10-07 22:35:50.665642,2025-10-07 22:35:50.665642,856.47,Major set night glass mention.
I,2025-10-09 16:02:23.037107,public,orders,40,2025-10-09 16:02:22.881107,2025-10-09 16:02:22.881107,2025-10-09 16:02:22.881107,253.32,Daughter example business then pressure before baby.
I,2025-10-10 12:08:15.698369,public,orders,22,2025-10-10 12:08:15.433369,2025-10-10 12:08:15.433369,2025-10-10 12:08:15.433369,525.53,But common lose by message.
I,2025-10-10 14:44:21.340574,public,orders,75,2025-10-10 14:44:21.099574,2025-10-10 14:44:21.099574,2025-10-10 14:44:21.099574,437.6,Face claim mouth wind.
I,2025-10-10 18:56:48.469330,public,orders,1,2025-10-10 18:56:48.436330,2025-10-10 18:56:48.436330,2025-10-10 18:56:48.436330,787.56,Despite religious adult.
I,2025-10-10 22:49:25.935945,public,orders,8,2025-10-10 22:49:25.922945,2025-10-10 22:49:25.922945,2025-10-10 22:49:25.922945,41.65,What discover themselves foot firm.
I,2025-10-11 09:04:44.621615,public,orders,59,2025-10-11 09:04:44.348615,2025-10-11 09:04:44.348615,2025-10-11 09:04:44.348615,519.74,South page figure anything improve.
I,2025-10-11 16:18:14.804233,public,orders,9,2025-10-11 16:18:14.758233,2025-10-11 16:18:14.758233,2025-10-11 16:18:14.758233,636.36,Hospital throughout make.
I,2025-10-12 17:26:12.582850,public,orders,97,2025-10-12 17:26:12.301850,2025-10-12 17:26:12.301850,2025-10-12 17:26:12.301850,423.24,Close hospital various create.
I,2025-10-13 01:23:49.697865,public,orders,51,2025-10-13 01:23:49.680865,2025-10-13 01:23:49.680865,2025-10-13 01:23:49.680865,296.38,Treat plant very evidence natural responsibility outside.
I,2025-10-13 04:46:59.826558,public,orders,6,2025-10-13 04:46:59.658558,2025-10-13 04:46:59.658558,2025-10-13 04:46:59.658558,135.74,Customer push American national country wall.
I,2025-10-14 01:10:04.766063,public,orders,24,2025-10-14 01:10:04.651063,2025-10-14 01:10:04.651063,2025-10-14 01:10:04.651063,405.43,Role miss side south blue without institution.
I,2025-10-15 13:23:04.628778,public,orders,41,2025-10-15 13:23:04.374778,2025-10-15 13:23:04.374778,2025-10-15 13:23:04.374778,753.95,Quickly effort agree property.
I,2025-10-16 03:48:04.109226,public,orders,23,2025-10-16 03:48:03.901226,2025-10-16 03:48:03.901226,2025-10-16 03:48:03.901226,387.77,Record east recognize evidence two grow positive peace.
I,2025-10-17 04:20:43.458978,public,orders,98,2025-10-17 04:20:43.442978,2025-10-17 04:20:43.442978,2025-10-17 04:20:43.442978,973.47,Real street red stage performance field mind.
I,2025-10-17 08:31:16.486933,public,orders,3,2025-10-17 08:31:16.301933,2025-10-17 08:31:16.301933,2025-10-17 08:31:16.301933,103.43,Rich blue force strategy.
I,2025-10-17 16:34:33.852040,public,orders,38,2025-10-17 16:34:33.673040,2025-10-17 16:34:33.673040,2025-10-17 16:34:33.673040,717.48,Enter away phone outside.
I,2025-10-18 00:17:36.889168,public,orders,18,2025-10-18 00:17:36.873168,2025-10-18 00:17:36.873168,2025-10-18 00:17:36.873168,605.52,Shake strategy mission leave suggest.
I,2025-10-18 13:34:23.882573,public,orders,89,2025-10-18 13:34:23.652573,2025-10-18 13:34:23.652573,2025-10-18 13:34:23.652573,558.09,My last seven defense a.
I,2025-10-18 13:40:37.033599,public,orders,83,2025-10-18 13:40:36.866599,2025-10-18 13:40:36.866599,2025-10-18 13:40:36.866599,679.4,Several doctor stock want watch whose hear.
I,2025-10-18 18:24:30.369923,public,orders,90,2025-10-18 18:24:30.319923,2025-10-18 18:24:30.319923,2025-10-18 18:24:30.319923,807.92,Practice push throw other.
I,2025-10-19 05:52:09.883716,public,orders,67,2025-10-19 05:52:09.710716,2025-10-19 05:52:09.710716,2025-10-19 05:52:09.710716,664.04,Democrat base detail ahead everybody road.
I,2025-10-19 15:33:40.778302,public,orders,13,2025-10-19 15:33:40.632302,2025-10-19 15:33:40.632302,2025-10-19 15:33:40.632302,354.49,Bring hotel mind high.
I,2025-10-19 21:44:56.909369,public,orders,17,2025-10-19 21:44:56.651369,2025-10-19 21:44:56.651369,2025-10-19 21:44:56.651369,581.04,Development business before protect sea seem.
I,2025-10-20 00:00:25.906509,public,orders,92,2025-10-20 00:00:25.658509,2025-10-20 00:00:25.658509,2025-10-20 00:00:25.658509,122.51,Generation front industry sort oil.
I,2025-10-20 02:17:15.875364,public,orders,60,2025-10-20 02:17:15.583364,2025-10-20 02:17:15.583364,2025-10-20 02:17:15.583364,342.19,Hair receive talk upon anything serve finish this.
I,2025-10-20 11:57:58.155091,public,orders,47,2025-10-20 11:57:58.043091,2025-10-20 11:57:58.043091,2025-10-20 11:57:58.043091,145.47,Discuss experience leg past.
I,2025-10-20 14:22:06.693359,public,orders,7,2025-10-20 14:22:06.557359,2025-10-20 14:22:06.557359,2025-10-20 14:22:06.557359,506.4,Ever home quickly today.
I,2025-10-21 00:08:33.699979,public,orders,19,2025-10-21 00:08:33.636979,2025-10-21 00:08:33.636979,2025-10-21 00:08:33.636979,76.59,Again blue seat as window represent individual.
I,2025-10-21 04:13:27.369307,public,orders,70,2025-10-21 04:13:27.246307,2025-10-21 04:13:27.246307,2025-10-21 04:13:27.246307,584.76,One stage eat at design campaign.
I,2025-10-21 07:38:47.956980,public,orders,69,2025-10-21 07:38:47.871980,2025-10-21 07:38:47.871980,2025-10-21 07:38:47.871980,899.68,As modern interesting will hear lose happen.
I,2025-10-22 10:27:14.348467,public,orders,32,2025-10-22 10:27:14.317467,2025-10-22 10:27:14.317467,2025-10-22 10:27:14.317467,810.39,Size general individual main simple.
I,2025-10-22 17:30:22.304571,public,orders,48,2025-10-22 17:30:22.303571,2025-10-22 17:30:22.303571,2025-10-22 17:30:22.303571,427.64,Total only under.
I,2025-10-22 18:21:29.742539,public,orders,79,2025-10-22 18:21:29.599539,2025-10-22 18:21:29.599539,2025-10-22 18:21:29.599539,516.43,Air positive then owner become expert whether.
I,2025-10-22 21:16:33.308286,public,orders,36,2025-10-22 21:16:33.113286,2025-10-22 21:16:33.113286,2025-10-22 21:16:33.113286,34.88,Stand Mr time hard such.
I,2025-10-22 21:34:16.220399,public,orders,78,2025-10-22 21:34:15.996399,2025-10-22 21:34:15.996399,2025-10-22 21:34:15.996399,70.63,Also admit its.
I,2025-10-22 23:01:03.676987,public,orders,21,2025-10-22 23:01:03.551987,2025-10-22 23:01:03.551987,2025-10-22 23:01:03.551987,906.54,Affect simply take assume toward heavy.
I,2025-10-23 00:06:21.694959,public,orders,62,2025-10-23 00:06:21.628959,2025-10-23 00:06:21.628959,2025-10-23 00:06:21.628959,662.89,Under fact local past property leg consumer.
I,2025-10-23 01:15:48.662043,public,orders,82,2025-10-23 01:15:48.638043,2025-10-23 01:15:48.638043,2025-10-23 01:15:48.638043,414.66,Likely list both main agent imagine few.
I,2025-10-23 04:04:34.837511,public,orders,34,2025-10-23 04:04:34.562511,2025-10-23 04:04:34.562511,2025-10-23 04:04:34.562511,762.67,Way report work physical value.
I,2025-10-23 09:07:25.574632,public,orders,50,2025-10-23 09:07:25.285632,2025-10-23 09:07:25.285632,2025-10-23 09:07:25.285632,912.46,Production know fill player anyone window.
U,2025-10-23 10:16:33.310286,public,orders,36,2025-10-22 21:16:33.113286,2025-10-22 21:16:33.113286,2025-10-23 10:16:33.113286,542.76,We affect though wide wish development attorney American training sea.(updated)
I,2025-10-23 10:23:37.830158,public,orders,91,2025-10-23 10:23:37.701158,2025-10-23 10:23:37.701158,2025-10-23 10:23:37.701158,436.17,Just full rise without.
U,2025-10-23 11:15:48.745043,public,orders,82,2025-10-23 01:15:48.638043,2025-10-23 01:15:48.638043,2025-10-23 11:15:48.638043,886.67,Feel major country anyone phone heavy almost medical yourself.(updated)
I,2025-10-23 13:48:03.344446,public,orders,28,2025-10-23 13:48:03.248446,2025-10-23 13:48:03.248446,2025-10-23 13:48:03.248446,789.97,Billion answer guess next trip candidate usually house.
I,2025-10-23 16:16:18.448204,public,orders,2,2025-10-23 16:16:18.414204,2025-10-23 16:16:18.414204,2025-10-23 16:16:18.414204,738.61,Yard citizen realize happy.
I,2025-10-23 19:08:42.633591,public,orders,96,2025-10-23 19:08:42.477591,2025-10-23 19:08:42.477591,2025-10-23 19:08:42.477591,275.65,Wrong miss moment such best own.
I,2025-10-24 05:46:32.098218,public,orders,63,2025-10-24 05:46:31.903218,2025-10-24 05:46:31.903218,2025-10-24 05:46:31.903218,772.57,Lead where girl meeting none approach after.
I,2025-10-24 09:50:23.011633,public,orders,72,2025-10-24 09:50:22.844633,2025-10-24 09:50:22.844633,2025-10-24 09:50:22.844633,726.12,Letter wide hard remember chance whole.
D,2025-10-24 10:48:03.248446,public,orders,28,2025-10-23 13:48:03.248446,2025-10-23 13:48:03.248446,2025-10-23 13:48:03.248446,789.97,Billion answer guess next trip candidate usually house.
I,2025-10-24 14:11:14.992712,public,orders,15,2025-10-24 14:11:14.856712,2025-10-24 14:11:14.856712,2025-10-24 14:11:14.856712,740.0,Test story although too song rich.
I,2025-10-24 17:56:47.767499,public,orders,86,2025-10-24 17:56:47.650499,2025-10-24 17:56:47.650499,2025-10-24 17:56:47.650499,232.69,Under not talk different.
I,2025-10-24 18:30:51.973225,public,orders,5,2025-10-24 18:30:51.893225,2025-10-24 18:30:51.893225,2025-10-24 18:30:51.893225,156.3,Happen decade style address seat.
I,2025-10-24 19:50:12.447764,public,orders,14,2025-10-24 19:50:12.223764,2025-10-24 19:50:12.223764,2025-10-24 19:50:12.223764,683.9,Green already affect community surface century kid.
I,2025-10-24 23:13:53.263517,public,orders,37,2025-10-24 23:13:52.982517,2025-10-24 23:13:52.982517,2025-10-24 23:13:52.982517,526.87,Often value piece.
I,2025-10-24 23:19:15.811188,public,orders,52,2025-10-24 23:19:15.572188,2025-10-24 23:19:15.572188,2025-10-24 23:19:15.572188,801.21,None leader write community.
I,2025-10-26 02:51:03.357069,public,orders,12,2025-10-26 02:51:03.194069,2025-10-26 02:51:03.194069,2025-10-26 02:51:03.194069,402.19,Class son month account item require opportunity.
D,2025-10-26 13:08:42.477591,public,orders,96,2025-10-23 19:08:42.477591,2025-10-23 19:08:42.477591,2025-10-23 19:08:42.477591,275.65,Wrong miss moment such best own.
I,2025-10-27 06:15:07.461131,public,orders,71,2025-10-27 06:15:07.176131,2025-10-27 06:15:07.176131,2025-10-27 06:15:07.176131,369.3,Until stop range risk purpose.
I,2025-10-27 23:49:07.502721,public,orders,27,2025-10-27 23:49:07.367721,2025-10-27 23:49:07.367721,2025-10-27 23:49:07.367721,822.74,Record myself spend through fire.
I,2025-10-28 06:33:41.654875,public,orders,35,2025-10-28 06:33:41.535875,2025-10-28 06:33:41.535875,2025-10-28 06:33:41.535875,105.41,Free treatment soldier reflect structure team.
I,2025-10-28 11:34:11.173752,public,orders,11,2025-10-28 11:34:10.955752,2025-10-28 11:34:10.955752,2025-10-28 11:34:10.955752,986.15,When easy example grow baby.
I,2025-10-28 15:36:37.021140,public,orders,99,2025-10-28 15:36:36.744140,2025-10-28 15:36:36.744140,2025-10-28 15:36:36.744140,716.63,Somebody these away.
I,2025-10-28 17:49:23.445161,public,orders,49,2025-10-28 17:49:23.306161,2025-10-28 17:49:23.306161,2025-10-28 17:49:23.306161,925.65,Imagine appear born manager.
I,2025-10-28 19:53:16.673866,public,orders,43,2025-10-28 19:53:16.406866,2025-10-28 19:53:16.406866,2025-10-28 19:53:16.406866,720.8,Begin point performance check political social buy.
I,2025-10-28 23:32:44.082906,public,orders,44,2025-10-28 23:32:43.972906,2025-10-28 23:32:43.972906,2025-10-28 23:32:43.972906,822.27,Away charge exist.
I,2025-10-29 01:38:31.161165,public,orders,42,2025-10-29 01:38:31.082165,2025-10-29 01:38:31.082165,2025-10-29 01:38:31.082165,183.96,Boy we before doctor school agreement story eat.
I,2025-10-29 17:18:55.025295,public,orders,33,2025-10-29 17:18:54.996295,2025-10-29 17:18:54.996295,2025-10-29 17:18:54.996295,851.6,Turn production chair exist memory author first.
I,2025-10-30 00:48:56.214190,public,orders,25,2025-10-30 00:48:55.998190,2025-10-30 00:48:55.998190,2025-10-30 00:48:55.998190,335.47,Crime since lose around consumer some.
I,2025-10-30 04:00:47.589697,public,orders,31,2025-10-30 04:00:47.353697,2025-10-30 04:00:47.353697,2025-10-30 04:00:47.353697,876.56,Order require between.
I,2025-10-30 08:14:36.990131,public,orders,77,2025-10-30 08:14:36.969131,2025-10-30 08:14:36.969131,2025-10-30 08:14:36.969131,794.42,Maintain be dream order space.
I,2025-10-30 21:14:59.417962,public,orders,55,2025-10-30 21:14:59.230962,2025-10-30 21:14:59.230962,2025-10-30 21:14:59.230962,135.63,Stay difference office painting attack.
I,2025-10-31 08:53:52.705328,public,orders,46,2025-10-31 08:53:52.585328,2025-10-31 08:53:52.585328,2025-10-31 08:53:52.585328,149.62,Product work weight.
I,2025-10-31 08:58:26.113981,public,orders,30,2025-10-31 08:58:26.061981,2025-10-31 08:58:26.061981,2025-10-31 08:58:26.061981,383.43,Federal everyone use everyone recognize represent special.
I,2025-10-31 19:23:42.753609,public,orders,85,2025-10-31 19:23:42.580609,2025-10-31 19:23:42.580609,2025-10-31 19:23:42.580609,332.35,Guess explain foreign day president school pass.
U,2025-11-01 06:23:42.790609,public,orders,85,2025-10-31 19:23:42.580609,2025-10-31 19:23:42.580609,2025-11-01 06:23:42.580609,44.35,Writer somebody change language event knowledge recently.(updated)
I,2025-11-01 09:36:41.053565,public,orders,53,2025-11-01 09:36:40.991565,2025-11-01 09:36:40.991565,2025-11-01 09:36:40.991565,142.85,Thought again citizen interview.
I,2025-11-01 20:26:16.213950,public,orders,56,2025-11-01 20:26:15.962950,2025-11-01 20:26:15.962950,2025-11-01 20:26:15.962950,849.28,Decide mention others way certain.
I,2025-11-02 00:22:24.350141,public,orders,65,2025-11-02 00:22:24.345141,2025-11-02 00:22:24.345141,2025-11-02 00:22:24.345141,376.63,Brother pass cell defense.
I,2025-11-03 05:41:10.327552,public,orders,88,2025-11-03 05:41:10.314552,2025-11-03 05:41:10.314552,2025-11-03 05:41:10.314552,116.92,Stock take whose.
I,2025-11-03 10:02:54.550813,public,orders,73,2025-11-03 10:02:54.405813,2025-11-03 10:02:54.405813,2025-11-03 10:02:54.405813,836.28,Especially draw recent though.
I,2025-11-03 11:30:11.575072,public,orders,87,2025-11-03 11:30:11.372072,2025-11-03 11:30:11.372072,2025-11-03 11:30:11.372072,897.22,Yard offer social among ground.
I,2025-11-05 23:51:08.956457,public,orders,20,2025-11-05 23:51:08.789457,2025-11-05 23:51:08.789457,2025-11-05 23:51:08.789457,439.67,Fire through recent attorney animal information young.
I,2025-11-06 07:18:33.083736,public,orders,16,2025-11-06 07:18:32.954736,2025-11-06 07:18:32.954736,2025-11-06 07:18:32.954736,691.55,Resource drive agreement detail shake rule.
I,2025-11-06 23:15:48.981371,public,orders,61,2025-11-06 23:15:48.701371,2025-11-06 23:15:48.701371,2025-11-06 23:15:48.701371,923.64,High according sea fall again design since international.
I,2025-11-07 00:27:22.609082,public,orders,57,2025-11-07 00:27:22.392082,2025-11-07 00:27:22.392082,2025-11-07 00:27:22.392082,41.53,Majority probably two sometimes realize contain.
I,2025-11-07 05:24:12.660152,public,orders,94,2025-11-07 05:24:12.450152,2025-11-07 05:24:12.450152,2025-11-07 05:24:12.450152,972.3,Once civil officer.
I,2025-11-07 15:51:26.658153,public,orders,93,2025-11-07 15:51:26.609153,2025-11-07 15:51:26.609153,2025-11-07 15:51:26.609153,796.08,Series activity change expert maybe out.
I,2025-11-08 19:20:18.566308,public,orders,100,2025-11-08 19:20:18.496308,2025-11-08 19:20:18.496308,2025-11-08 19:20:18.496308,939.67,Best somebody somebody finally growth seek.
I,2025-11-09 18:27:13.673318,public,orders,26,2025-11-09 18:27:13.413318,2025-11-09 18:27:13.413318,2025-11-09 18:27:13.413318,984.01,Whom above individual administration half.
I,2025-11-10 04:25:58.501223,public,orders,74,2025-11-10 04:25:58.487223,2025-11-10 04:25:58.487223,2025-11-10 04:25:58.487223,40.37,Minute either weight career today catch.
I,2025-11-10 04:32:18.252448,public,orders,95,2025-11-10 04:32:18.052448,2025-11-10 04:32:18.052448,2025-11-10 04:32:18.052448,55.17,View can oil.
I,2025-11-10 17:46:05.659785,public,orders,64,2025-11-10 17:46:05.560785,2025-11-10 17:46:05.560785,2025-11-10 17:46:05.560785,589.38,Late every case late word point call.
I,2025-11-10 23:24:51.579714,public,orders,66,2025-11-10 23:24:51.281714,2025-11-10 23:24:51.281714,2025-11-10 23:24:51.281714,537.47,Sign under fill senior citizen firm memory.
I,2025-11-11 15:21:40.433985,public,orders,4,2025-11-11 15:21:40.165985,2025-11-11 15:21:40.165985,2025-11-11 15:21:40.165985,218.63,Old contain look daughter build nation.
I,2025-11-11 16:09:06.754936,public,orders,45,2025-11-11 16:09:06.530936,2025-11-11 16:09:06.530936,2025-11-11 16:09:06.530936,782.51,Method require side lose.
I,2025-11-11 17:11:28.862020,public,orders,58,2025-11-11 17:11:28.764020,2025-11-11 17:11:28.764020,2025-11-11 17:11:28.764020,945.1,Worker maintain not west thousand interesting.
D,2025-11-13 15:09:06.530936,public,orders,45,2025-11-11 16:09:06.530936,2025-11-11 16:09:06.530936,2025-11-11 16:09:06.530936,782.51,Method require side lose.
